tweet,label
"RT @millersoto: Volv√≠ a ver #ElDebateDefinitivo.

A Fico, aunque siento que desaprovech√≥ papayazos, lo vi bien. Sin odio y con tranquilidad‚Ä¶",1
"RT @honohenriquez: ""Una vez se van las democracias, no retornan. Miren lo que pas√≥ en Venezuela y Nicaragua"" @FicoGutierrez Presidente #ElD‚Ä¶",1
"RT @PartidoMIRA: ""Se necesitan m√°s liderazgos femeninos para el pa√≠s"": @FicoGutierrez 

@PartidoMIRA, pionero en participaci√≥n pol√≠tica de‚Ä¶",1
"RT @PartidoMIRA: #FedericoEsColombia #FicoEsCar√°cter:

""Me gusta dialogar con respeto. Y aqu√≠ hay personas de todos los sectores que yo res‚Ä¶",1
"RT @Nevil_22: En #ElDebateDefinitivo sale de nuevo Fico Gutierrez con el cuento trasnochado de ""nos vamos a volver como Venezuela"". Como un‚Ä¶",0
RT @MONYRODRIGUEZOF: Qu√© desespero o√≠r a Fico. Es desastroso. Qu√© nivel de argumentaci√≥n y de conocimiento tan bajo. #ElDebateDefinitivo,0
"RT @RevistaSemana: #ElDebateDefinitivo | Federico Guti√©rrez: ‚ÄúSi hubo fraude, fue a favor del Pacto Hist√≥rico‚Äù https://t.co/IvGAZnNpby",0
"RT @aydeelizarazoc: #ElDebateDefinitivo | @FicoGutierrez propone para la salud:

‚úÖBasarse en promoci√≥n y prevenci√≥n
‚úÖVigilar cumplimento de‚Ä¶",1
RT @LauraMedinaRuiz: . @FicoGutierrez le asegura a los 18 millones de colombianos que han ahorrado toda su vida por su pensi√≥n que esa plat‚Ä¶,1
"RT @tobonsanin: A prop√≥sito #ElDebateDefinitivo, los invito a leer este hilo üßµdonde expongo por qu√© Fico Guti√©rrez es la persona menos prep‚Ä¶",0
"RT @aydeelizarazoc: #FicoEsCar√°cter üá®üá¥üá®üá¥üá®üá¥

@FicoGutierrez garantizar√° seguridad alimentaria para ni√±as y ni√±os de 0 a 5 a√±os. Tambi√©n educ‚Ä¶",1
RT @cristian_vivas: Federico Guti√©rrez tambi√©n miente descaradamente cuando le recuerdan los v√≠nculos de su secretario de seguridad con la‚Ä¶,0
"RT @VivianaCasasP1: #ElDebateDefinitivo
Fico demostr√≥ sus buena intenci√≥n en las propuestas que present√≥ y sus ganas de unir al pa√≠s. üíØ% co‚Ä¶",1
"#MiVotoEsPorFICO
#FicoEsColombia
#SantandereanosConFICO
#ElDebateDefinitivo
@FicoGutierrez https://t.co/hYWStdPOoU",1
"#MiVotoEsPorFICO
#FicoEsColombia
#SantandereanosConFICO
#ElDebateDefinitivo
@FicoGutierrez https://t.co/3KAjSpgkUS",1
"RT @AnitaMar97: Por un cambio en los empleos!
#MiVotoEsPorFICO
#FicoEsColombia
#SantandereanosConFICO
#ElDebateDefinitivo
@FicoGutierrez ht‚Ä¶",1
"RT @EmilyAr30544115: Todas vamos a hacer parte del progreso continuo del Pa√≠s, vamos con Fico
#VotoPor
#YaEsSuficiente
#VanessaPreg√∫nteleAF‚Ä¶",1
"RT @RafaelZuleta10: Yo este Domingo pondr√© mi aporte para una mejor Colombia
#VotoPor
#YaEsSuficiente
#VanessaPreg√∫nteleAFico
#ElDebateDefi‚Ä¶",1
"RT @JaviGuacaneme: #YaEsSuficiente
Con mayor CINISMO, propio d un delincuente, @FicoGutierrez en #ElDebateDefinitivo le dice MENTIROSO a Pe‚Ä¶",0
"RT @JustoVa93871439: Yo este Domingo pondr√© mi aporte para una mejor Colombia
#VotoPor
#YaEsSuficiente
#VanessaPreg√∫nteleAFico
#ElDebateDef‚Ä¶",1
"RT @SofiGelvezzz: Por seguridad social, econ√≥mica y ambiental. 
#MiVotoEsPorFICO
#FicoEsColombia
#SantandereanosConFICO
#ElDebateDefinitivo‚Ä¶",1
"RT @Majoo2098: Por construcciones vis para los m√°s necesitados!
#MiVotoEsPorFICO
#FicoEsColombia
#SantandereanosConFICO
#ElDebateDefinitivo‚Ä¶",1
"RT @ANIABELLO_R: Sin lugar a dudas el mejor candidato en #ElDebateDefinitivo es @FicoGutierrez 
Propuestas claras, sin divisiones ni odios‚Ä¶",1
"RT @PartidoMIRA: #ElDebateDefinitivo üìö | #FicoEsCar√°cter

En minutos: Debate presidencial primera vuelta, Colombia 2022 üá®üá¥

En el @PartidoM‚Ä¶",1
#MiVotoEsPorFICO #FicoEsColombia #SantandereanosConFICO #ElDebateDefinitivo https://t.co/GPhFpLIz5I,1
"RT @PartidoMIRA: #FedericoEsColombia propositiva y unida para beneficiar a los j√≥venes con educaci√≥n superior

#FicoEsCar√°cter para impulsa‚Ä¶",1
RT @LinaOsp1508: Con fico todos juntos  tendremos mejores oportunidades para emprender y salir adelante #ElDebateDefinitivo #FicoES emprend‚Ä¶,1
"RT @Majoo2098: #MiVotoEsPorFICO
#FicoEsColombia
#SantandereanosConFICO
#ElDebateDefinitivo
@FicoGutierrez https://t.co/Y664WKsIZH",1
"RT @dntmorales: #ElDebateDefinitivo | Definitivamente mi voto es por @FicoGutierrez.

Yo quiero un presidente que quiera dialogar, que quie‚Ä¶",1
RT @LinaOsp1508: #ElDebateDefinitivo fico dej√≥ claro que su √∫nico prop√≥sito es sacar el pa√≠s adelante #FicoUneAColombia #FicoEsDemocracia,1
"RT @aydeelizarazoc: #FedericoEsColombia üá®üá¥üëçüó≥

El Acuerdo Program√°tico entre @PartidoMIRA y @FicoGutierrez, enfatiza en empleo y emprendimie‚Ä¶",1
"RT @AleCarr14504453: La √©tica y la moralidad que nos ense√±a Fico en el debate es Fascinante 
#MiVotoEsPorFICO 
#SantandereanosConFICO
#ElDe‚Ä¶",1
"RT @HarolNieto: Hagamos cuentas, con lo visto anoche en #ElDebateDefinitivo podemos decir q entre peinada y peinada a @FicoGutierrez  y @se‚Ä¶",0
"RT @aydeelizarazoc: #FedericoEsColombia:

Acerca del sistema electoral, el @PartidoMIRA es referente en propuestas de transparencia, como r‚Ä¶",1
"RT @OscrCastrillon: #ElDebateDefinitivo

@FicoGutierrez plantea trabajar con todos los sectores, di√°logo permanente para llegar a acuerdos‚Ä¶",1
"RT @NathaliaBerrio: En #ElDebateDefinitivo #FicoEsCar√°cter: Sus propuestas, su respeto a las instituciones y el valor por la democracia. 
#‚Ä¶",1
"RT @Irreverendoos: Conclusi√≥n del #ElDebateDefinitivo:

Vicky D√°vila no sabe de debates, Fajardo no sabe de matem√°ticas y Fico no sabe de e‚Ä¶",0
"RT @stivel_: #ElDebateDefinitivo que mamera escuchar hablar a Federico, no tiene nada m√°s que opinar si no lo que dec√≠a duque en el 2018 #P‚Ä¶",0
"RT @aydeelizarazoc: #FicoEsCar√°cter para exponer a los colombianos las propuestas de empleo, bienestar social, defensa de instituciones y g‚Ä¶",1
"RT @susanamuhamad: Las acciones han hablado por s√≠ solas @FicoGutierrez
#ElDebateDefinitivo https://t.co/DMoi07G9AQ",1
"RT @Margaritarosadf: No hay nivel para @petrogustavo en esos debates. Nada mejor que contrincantes con alta categor√≠a intelectual y que, ad‚Ä¶",1
"RT @RobertoMTico: Lo que m√°s me gust√≥ de Gustavo Petro en #ElDebateDefinitivo fueron √©stas DOS FRASES LAPIDARIAS: ""Haremos trizas la guerra‚Ä¶",1
RT @sergio_fajardo: Solo seis programas de Petro se vuelan el presupuesto en casi 65 billones. Los colombianos no aguantan m√°s promesas vac‚Ä¶,0
RT @EnriquePenalosa: Petro dice que el arregl√≥ la bas√≠lica del Voto Nacional.¬°Falso! Solo hizo unos dise√±os. Nosotros hicimos TODA la resta‚Ä¶,0
"RT @bluchob: Les voy a contar algo sobre la propuesta de los $ 50 billones que Petro le quiere cobrar a los privados:

El a√±o pasado las 50‚Ä¶",0
RT @EnriquePenalosa: Petro dice que tuvo grandes logros en salud en Bogot√°.¬°Falso! Recibimos un desastre en que ciudadanos ten√≠an q hacer f‚Ä¶,0
RT @CarlosFGalan: Suena interesante la visi√≥n de salud de Petro pero luego uno se acuerda que cuando Petro sali√≥ de la alcald√≠a de Bogot√° d‚Ä¶,0
RT @EnriquePenalosa: Hoy va un dinero del Gobierno y otro de los trabajadores al ahorro pensional y pensiones.Petro dice q le quitar√° $18 b‚Ä¶,0
"RT @pedrohflorez: Viendo #ElDebateDefinitivo me quedo con esta propuesta de @petrogustavo, porque para garantizar un buen sistema de salud‚Ä¶",1
"RT @Pelicolombianas: Cuando Petro y Fajardo se pusieron a hablar de matem√°ticas.

#PetroGanaDebate 
#ElDebateDefinitivo https://t.co/jKBwzR‚Ä¶",1
RT @EnriquePenalosa: Petro dice que no hay diferencia entre el r√©gimen venezolano y el colombiano.¬øSi? ¬øAcaso cuantos colombianos hay exila‚Ä¶,0
"En #ElDebateDefinitivo se ve el
cinismo arrogante mentiroso,
de @Petrogustavo, inventando
calumnias no concretadas‚Ä¶ https://t.co/VRWsIcUbHd",0
"RT @SdrodriguezT: Si usted iba a votar por Petro, vio el debate y a√∫n as√≠ piensa votar por Petro, usted no es un ignorante desinformado, us‚Ä¶",0
"RT @Fillipo2222: Cumpliendo con üá®üá¥ desde Madrid, Espa√±a. Mi voto fue por @petrogustavo y @FranciaMarquezM... estoy muy feliz de poder vivir‚Ä¶",1
"RT @alexandrosanz7: Tengo 15 millones en PORVENIR y @petrogustavo me los va robar para d√°rselos a gente que nunca ha trabajado üòî
#ElDebateD‚Ä¶",0
RT @ernestoyamhure: La traficante de secuestrados @piedadcordoba debe estar bastante angustiada. Su jefe pol√≠tico @petrogustavo acaba de de‚Ä¶,0
"RT @SdrodriguezT: Advertidos: Gustavo Petro si gobernara har√≠a la mayor reforma tributaria, 50 billones, aumento de impuestos como nunca an‚Ä¶",0
RT @MAndreaNieto: En #ElDebateDefinitivo los candidatos se juegan la recta final de una campa√±a polarizada. Petro no supera al ex president‚Ä¶,0
"RT @ernestoyamhure: En el computador de ‚ÄòReyes‚Äô se lee que @piedadcordoba no bajaba a @petrogustavo de HP. Hoy, despu√©s del anuncio de su e‚Ä¶",0
"RT @Estefan42812639: #ElDebateDefinitivo

Gustavo Petro fue al debate a exponer de sus fallidas propuestas o a hablar de URIBE?

Uribe‚Å¥‚Åµ ya‚Ä¶",0
"RT @Tutunendo_: ¬°Quiero decirles a los colombianos que @petrogustavo ser√° el Presidente, y, por lo tanto, no vamos a defraudarnos a nosotro‚Ä¶",1
"RT @JMorales_C1: ""vamos a arreglar las iglesias""
@petrogustavo en
#ElDebateDefinitivo https://t.co/WadSedPkPJ",1
RT @ANIABELLO_R: #PetroC√≠nico diciendo que Uribe hizo una negociaci√≥n pol√≠tica con los paramilitares cuando √©l tiene en su campa√±a a las FA‚Ä¶,0
"RT @elgomezromero: @GustavoBolivar #ElDebateDefinitivo
√âl es Gustavo Villegas, condenando por nexos con la oficina de Envigado mientras era‚Ä¶",0
RT @FelicianoValen: El candidato de la oficina de Envigado acusa a @petrogustavo de estar apoyado por el Clan del golfo y el paramilitarismo,0
"RT @MariaFdaCabal: Petro, ¬øpor qu√© no te callas?

#ElDebateDefinitivo https://t.co/Eggzp159Wt",0
"RT @AndresTrigos: ""Me qued√© esperando un tinto con Duque para acordar programas de Gobierno"": Petro.

Otros, siempre insistimos que a Duque‚Ä¶",1
RT @EnriquePenalosa: Petro dice que tuvo grandes logros en salud en Bogot√°.¬°Falso! Recibimos un desastre en que √©l quebr√≥ totalmente la EPS‚Ä¶,0
"RT @AndresElGury: Si a @petrogustavo le quitan a √Ålex Vega, pierde las elecciones, confes√≥ que su software le puso m√°s de 700.000 votos. Su‚Ä¶",0
"RT @MAndreaNieto: Petro: ‚ÄúUribe, Uribe, Uribe‚Äù ¬°Ay por Dios! Sup√©relo ya! ¬øNo que ya lo derrotaron? #DebateElTiempoSemana #ElDebateDefiniti‚Ä¶",0
"RT @KevinHartmannC: En #ElDebateDefinitivo Petro se vi√≥ muy superior a los otros dos candidatos por una raz√≥n: al menos √©l se ley√≥, entendi‚Ä¶",1
"RT @AngelaSanchezL: La propuesta de un m√©dico en casa que menciona @petrogustavo no es nueva, la presentamos en nuestro proyecto de Reforma‚Ä¶",1
"RT @julietanar28: #eldebatedefinitivo
Es de suponer que Petro va a ser m√°s amigable de que lo que ha sido el gobierno de Duque con la dicta‚Ä¶",1
"RT @Elminarca: Petro como cosa rara fue a decir incoherencias en el debate.
#ElDebateDefinitivo 
#CualquieraMenosPetro https://t.co/qxaBchf‚Ä¶",0
"RT @by_Angie_: #ElDebateDefinitivo
Yo creo que por el debate de hoy de Petro seguir√° perdiendo votos hasta el d√≠a 29... 
Ya la gente no com‚Ä¶",0
RT @EmmaClaudiaC: El candidato Petro cambia el discurso seg√∫n el debate. Primero dijo que los ahorros en el sistema pensional eran de todos‚Ä¶,0
"RT @AlbertoBernalLe: La perdi√≥ ah√≠ @petrogustavo, el man la acaba de embarrar bravo con lo de los fondos de pensiones, perdi√≥ el control üòÖüòÖ‚Ä¶",0
"RT @maclago12: Petro Sal√≥n de Belleza. üíáüèª‚Äç‚ôÇÔ∏è
#PetroGanaDebate #ElDebateDefinitivo https://t.co/oVMm65IQa9",0
"#ElDebateDefinitivo 
Por el respeto a la primera infancia
@petrogustavo @FranciaMarquezM https://t.co/ARCOE2hP92",1
"RT @ELTIEMPO: üî¥ #ElDebateDefinitivo | ""Francia M√°rquez va a gobernar a Colombia tambi√©n"": Petro responde sobre el machismo en el pa√≠s. Esto‚Ä¶",1
"RT @Gloarriero: #ElDebateDefinitivo #PetroGanaDebate 
330.000 conectados solo por ver a Petro
#PetroPresidenteEnPrimeraVuelta",1
"RT @ValeriaGuzmnY: #ElDebateDefinitivo
Petro se la pas√≥ nombrando a Uribe todo el debate. ¬°que fastidio! y aunque le duela a √©l y muchos Fi‚Ä¶",0
"RT @Borisanchezmald: El candidato Petro hablo en el debate de los manifestantes, se preocupa por los heridos y muertos, nisiquiera nombra a‚Ä¶",0
"RT @FranciaMarquezM: #PetroGanaDebate
#ElDebateDefinitivo
#ElCambioEnPrimera",1
"RT @pauyelich: Desde M√©xico ejerciendo mi derecho al voto, creo en la posibilidad de un cambio por eso mi voto es por Petro y Francia. #MiV‚Ä¶",1
"RT @DAMIAN_MORE: #ElDebateDefinitivo
#PetroGanaDebate https://t.co/whFMpoFnZI",1
"RT @RobertoMTico: En #ElDebateDefinitivo las propuestas de Gustavo Petro como no son ideol√≥gicas (le pertenecen a todo el mundo), se las pu‚Ä¶",1
"RT @Ander__Tor: #VotoPor @petrogustavo #ElDebateDefinitivo #YaEsSuficiente Este video me lo re confirma.
Atentos minuto 5:00
Ojo - Lo est√°n‚Ä¶",1
"RT @Nygma7677: @juanmanuelgalan @petrogustavo PETRO PRESIDENTE üòçü•∞

#PetroGanaDebate #ElDebateDefinitivo https://t.co/ufcSUmO2kl",1
"RT @Alexrolapiz1: El conchudo

#ElDebateDefinitivo #AColombiaLePreoupa #PetroGanaElDebate https://t.co/QWAY6X3e9w",1
RT @YeyitaGaGo: @AngelaSanchezL Y en qu√© momento pas√≥ eso? Porque vi el debate y vi como Petro desde la paciencia y el amor trat√≥ de explic‚Ä¶,1
"RT @AleCarr14504453: Es triste la falta de argumentaci√≥n de Petro y demuestra como no tiene claro lo que propone o no es verdad
#MiVotoEsPo‚Ä¶",0
RT @VDcartagena: Y si vieron la brillantez de Gustavo Petro al cierre del debate? Qu√© modo de hablar tan pausado pero tan seguro de lo que‚Ä¶,1
"RT @SergioEnCali: A Vicky y compa√±√≠a toca mandarlos a moderar un asamblea en Univalle a ver si aprenden ü§£

#ElDebateDefinitivo 
#PetroGanaD‚Ä¶",1
"RT @ColHumanaPanama: #PetroGanaDebate | Desde la argumentaci√≥n a confrontado temas pol√≠ticos, econ√≥micos y sociales, hasta personales. #Pet‚Ä¶",1
"RT @mike_lombana: #ElDebateDefinitivo La reforma que propone Petro es excelente, el ""m√©dico"" en casa fue una iniciativa excelente cuando fu‚Ä¶",1
"RT @_MDCC_: #ElDebateDefinitivo #PetroGanaDebate 
Ojal√° haya tomado notas, PROFESOR https://t.co/QIFhAAdnKb",1
"RT @Alparaco_6402_: #ElDebateDefinitivo y sin m√°s palabras..
#PetroGanaDebate 
#PetroPresidenteEnPrimera 
#PetroPresidente2022 https://t.co‚Ä¶",1
RT @claulopezgarzon: A @petrogustavo hay que reconocerle que como Senador no hab√≠a dos como √©l a la hora de denunciar la corrupci√≥n. Esos d‚Ä¶,1
"RT @LauraMedinaRuiz: Si @petrogustavo dice que quiere extraditar a @piedadcordoba es porque sabe algo que nosotros no. 

#ElDebateDefinitivo",1
"RT @Categrico2: #ElDebateDefinitivo
Interesante hilo del m√©dico Luis Gonzalo Morales sobre propuesta de salud de Petro. 
El Dr. Morales es‚Ä¶",1
RT @JuanGLealN: No m√°s miedo al Cambio!!! #PetroPresidente2022 #CambioEnPrimera #MiVotoDeConfianzaEsPorPetro #ElDebateDefinitivo https://t.‚Ä¶,1
"RT @LuisFerAl93: Pelo el cobre Fajardo. Se le nota la rabia, la frustraci√≥n de no ser √©l el que l√≠deres el cambio. 
#PetroGanaDebate #ElDeb‚Ä¶",1
"RT @Nygma7677: #PetroGanaDebate y tambi√©n la presidencia de Colombia. üá®üá¥

#ElDebateDefinitivo https://t.co/6BtIp0pmBB",1
"RT @rabingoreramaya: #ElDebateDefinitivo  #PetroGanaDebate, no hay nivel de debate, haciendo un parang√≥n Futbolero, Gustavo Petro, los gole‚Ä¶",1
"RT @AbogRamirez7: #ElDebateDefinitivo #PetroGanaDebate 
Fajardo al hacerle la pregunta a Petro https://t.co/W29ZHk6OPM",1
RT @jasbcolombia: #ElDebateDefinitivo #PetroGanaDebate @petrogustavo y @FranciaMarquezM en primera M29 üá®üá¥. https://t.co/CmTvrQyeXB,1
"RT @YeseRivero: En #ElDebateDefinitivo confirmo y reafirmo mi voto por #GustavoPetro, y es que definitivamente #PetroGanaDebate, siempre lo‚Ä¶",1
"RT @JsmeJ: M√°s vigente que nunca!!
#ElDebateDefinitivo 
#PetroGanaDebate 
#CambioEnPrimera https://t.co/Pg71xlWIWj",1
RT @JokerTheDark8: #ElDebateDefinitivo golpe de estado horror Francia M√°rquez cabal estamos unidos con el uribismo Duque #PetroGanaDebate‚Ä¶,1
"RT @Equimanthorn_6: Petro ense√±ando matem√°ticas a Flojardo.
#PetroGanaDebate #ElDebateDefinitivo 
#PetroPunk https://t.co/SeZUk3DTu4",1
"RT @softcol23: Si en Colombia se votara para que escoger el mejor, Petro ganar√≠a por m√°s del 80% de votos. 
#ElDebateDefinitivo #PetroGanaD‚Ä¶",1
"RT @JhonAlexanderGH: Mi presidente @petrogustavo ü´∂üèº
#ElDebateDefinitivo 
#PetroGanaDebate https://t.co/6Ko5pkcEsP",1
RT @jucarbesa: @Margaritarosadf @petrogustavo #ElDebateDefinitivo mas bien parec√≠a preguntas a tres se√±or√≠as candidatas al reinado nacional‚Ä¶,1
RT @jucarbesa: @Margaritarosadf @petrogustavo Vimos un debate distinto. la verdad @petrogustavo no dijo nada que fuera realizable sin joder‚Ä¶,1
"@VickyDavilaH El candidato Petro hablo en el debate de los manifestantes, se preocupa por los heridos y muertos, ni‚Ä¶ https://t.co/1QF6gwJiF4",1
"RT @Marcela97vega: Gustavo Petro: ‚ÄúEstoy seguro de que el domingo cambiaremos la historia de Colombia‚Äù
#UnTramposoEs #Eldebatedefinitivo #W‚Ä¶",1
"RT @JahelUp: Mientras los otros candidatos difaman, #PresidentePetro tiene propuestas y argumentos üá®üá¥ü´∂

¬°#VotoPor el cambio por la vida!

#‚Ä¶",1
@Margaritarosadf @petrogustavo Vimos un debate distinto. la verdad @petrogustavo no dijo nada que fuera realizable‚Ä¶ https://t.co/TPY4XsECSJ,0
"RT @dicalaca18: La actitud de Petro hoy, adem√°s de sobrada es desafiante y muy resentida. 
¬°Que asco ese personaje!
#ElDebateDefinitivo",0
"#VotoPor ü§¨ü§¨ü§¨ü§¨ü§¨ü§¨OJO 200 A√ëOS MAS EN EL LEGADO DE LA MUERTE,, OJO...  #YaEsSuficiente Petro Texas‚Ä¶ https://t.co/HFKHM3PH0T",0
"RT @Categrico2: #ElDebateDefinitivo
""El Cantinflas Colombiano""
¬°Gustavo Petro ""reculando"" como le dijo Fajardo anoche en el debate! ü§£ü§£ü§£
#Fe‚Ä¶",0
"RT @Borisanchezmald: @jarizabaletaf @AreizaEcheverri El candidato Petro hablo en el debate de los manifestantes, se preocupa por los herido‚Ä¶",1
